resort,ski_week,predicted_visitors,rating,cross_country_trail_length,ski_area,altitude,num_runs,num_lifts,num_terrain_parks,longest_run,beginner_terrain_%,intermediate_terrain_%,advanced_terrain_%,ski_lessons_available,snowboarding_available,tobogganing_available,cross_country_skiing_available,snowshoeing_available,childcare_available,ski_in_ski_out_available,num_food_vendors,num_accommodation_types,dingo_walks_available,freestyle_programs_available,night_skiing_available,race_programs_available,ski_touring_available,snow_tubing_available,husky_sledding_available,max_temp,min_temp,rainfall_amount,distance_from_melbourne,distance_from_canberra,distance_from_sydney,distance_from_bendigo,average_snowfall,num_snowfall_days,average_mountain_base_snow_depth,max_mountain_base_snow_depth,biggest_snowfall
Charlotte Pass,1,0.12056986045425352,0.45454545454545453,0.7321428571428571,0.00505902192242833,0.5660377358490566,0.13793103448275862,0.0,0.0,0.24271844660194175,0.6521739130434783,0.0,1.0,0.0,0.0,0.0,1.0,1.0,1.0,1.0,0.125,0.0,0.0,0.0,0.0,0.0,0.0,0.0,0.0,0.5135665911158251,0.3976498041595591,0.7555066079295153,1.0,0.0390625,0.0,1.0,0.5862068965517241,0.5,0.14,0.2702702702702703,0.6666666666666666
Charlotte Pass,2,0.04754675852941749,0.45454545454545453,0.7321428571428571,0.00505902192242833,0.5660377358490566,0.13793103448275862,0.0,0.0,0.24271844660194175,0.6521739130434783,0.0,1.0,0.0,0.0,0.0,1.0,1.0,1.0,1.0,0.125,0.0,0.0,0.0,0.0,0.0,0.0,0.0,0.0,0.3533522981879051,0.20933411114414552,0.4122331413080311,1.0,0.0390625,0.0,1.0,0.5862068965517241,0.5,0.14,0.2702702702702703,0.6666666666666666
Charlotte Pass,3,0.14020746968723846,0.45454545454545453,0.7321428571428571,0.00505902192242833,0.5660377358490566,0.13793103448275862,0.0,0.0,0.24271844660194175,0.6521739130434783,0.0,1.0,0.0,0.0,0.0,1.0,1.0,1.0,1.0,0.125,0.0,0.0,0.0,0.0,0.0,0.0,0.0,0.0,0.3200675802790402,0.15392949405301673,0.4569637411047102,1.0,0.0390625,0.0,1.0,0.5862068965517241,0.5,0.14,0.2702702702702703,0.6666666666666666
Charlotte Pass,4,0.2629181993343843,0.45454545454545453,0.7321428571428571,0.00505902192242833,0.5660377358490566,0.13793103448275862,0.0,0.0,0.24271844660194175,0.6521739130434783,0.0,1.0,0.0,0.0,0.0,1.0,1.0,1.0,1.0,0.125,0.0,0.0,0.0,0.0,0.0,0.0,0.0,0.0,0.3167463286004983,0.11762646891111522,0.2705862419518807,1.0,0.0390625,0.0,1.0,0.5862068965517241,0.5,0.14,0.2702702702702703,0.6666666666666666
Charlotte Pass,5,0.30992000934197467,0.45454545454545453,0.7321428571428571,0.00505902192242833,0.5660377358490566,0.13793103448275862,0.0,0.0,0.24271844660194175,0.6521739130434783,0.0,1.0,0.0,0.0,0.0,1.0,1.0,1.0,1.0,0.125,0.0,0.0,0.0,0.0,0.0,0.0,0.0,0.0,0.1974700726667786,0.11802650215521679,0.494747543205693,1.0,0.0390625,0.0,1.0,0.9655172413793104,0.75,0.52,0.6216216216216216,0.7333333333333333
Charlotte Pass,6,0.25073470738210624,0.45454545454545453,0.7321428571428571,0.00505902192242833,0.5660377358490566,0.13793103448275862,0.0,0.0,0.24271844660194175,0.6521739130434783,0.0,1.0,0.0,0.0,0.0,1.0,1.0,1.0,1.0,0.125,0.0,0.0,0.0,0.0,0.0,0.0,0.0,0.0,0.18021400416305036,0.040720059944111445,0.393934259573026,1.0,0.0390625,0.0,1.0,0.9655172413793104,0.75,0.52,0.6216216216216216,0.7333333333333333
Charlotte Pass,7,0.13061248321363927,0.45454545454545453,0.7321428571428571,0.00505902192242833,0.5660377358490566,0.13793103448275862,0.0,0.0,0.24271844660194175,0.6521739130434783,0.0,1.0,0.0,0.0,0.0,1.0,1.0,1.0,1.0,0.125,0.0,0.0,0.0,0.0,0.0,0.0,0.0,0.0,0.2962412095416749,0.17803150263160308,0.7478820738732633,1.0,0.0390625,0.0,1.0,0.9655172413793104,0.75,0.52,0.6216216216216216,0.7333333333333333
Charlotte Pass,8,0.02835678558221911,0.45454545454545453,0.7321428571428571,0.00505902192242833,0.5660377358490566,0.13793103448275862,0.0,0.0,0.24271844660194175,0.6521739130434783,0.0,1.0,0.0,0.0,0.0,1.0,1.0,1.0,1.0,0.125,0.0,0.0,0.0,0.0,0.0,0.0,0.0,0.0,0.32389423982170784,0.17163096918585008,0.5269400203320909,1.0,0.0390625,0.0,1.0,0.9655172413793104,0.75,0.52,0.6216216216216216,0.7333333333333333
Charlotte Pass,9,0.0,0.45454545454545453,0.7321428571428571,0.00505902192242833,0.5660377358490566,0.13793103448275862,0.0,0.0,0.24271844660194175,0.6521739130434783,0.0,1.0,0.0,0.0,0.0,1.0,1.0,1.0,1.0,0.125,0.0,0.0,0.0,0.0,0.0,0.0,0.0,0.0,0.2943639803320642,0.09742478546360234,0.704337512707557,1.0,0.0390625,0.0,1.0,0.896551724137931,0.75,0.9,0.9054054054054054,1.0
Charlotte Pass,10,0.04470524123703314,0.45454545454545453,0.7321428571428571,0.00505902192242833,0.5660377358490566,0.13793103448275862,0.0,0.0,0.24271844660194175,0.6521739130434783,0.0,1.0,0.0,0.0,0.0,1.0,1.0,1.0,1.0,0.125,0.0,0.0,0.0,0.0,0.0,0.0,0.0,0.0,0.352702488076886,0.23403616974289698,0.5135547272111148,1.0,0.0390625,0.0,1.0,0.896551724137931,0.75,0.9,0.9054054054054054,1.0
Charlotte Pass,11,0.11229832039080594,0.45454545454545453,0.7321428571428571,0.00505902192242833,0.5660377358490566,0.13793103448275862,0.0,0.0,0.24271844660194175,0.6521739130434783,0.0,1.0,0.0,0.0,0.0,1.0,1.0,1.0,1.0,0.125,0.0,0.0,0.0,0.0,0.0,0.0,0.0,0.0,0.3419950614697609,0.23884657057360725,0.5077261945103356,1.0,0.0390625,0.0,1.0,0.896551724137931,0.75,0.9,0.9054054054054054,1.0
Charlotte Pass,12,0.14435297094256633,0.45454545454545453,0.7321428571428571,0.00505902192242833,0.5660377358490566,0.13793103448275862,0.0,0.0,0.24271844660194175,0.6521739130434783,0.0,1.0,0.0,0.0,0.0,1.0,1.0,1.0,1.0,0.125,0.0,0.0,0.0,0.0,0.0,0.0,0.0,0.0,0.42641983511582543,0.15732977755195685,0.41248729244323956,1.0,0.0390625,0.0,1.0,0.896551724137931,0.75,0.9,0.9054054054054054,1.0
Charlotte Pass,13,0.1187598528638991,0.45454545454545453,0.7321428571428571,0.00505902192242833,0.5660377358490566,0.13793103448275862,0.0,0.0,0.24271844660194175,0.6521739130434783,0.0,1.0,0.0,0.0,0.0,1.0,1.0,1.0,1.0,0.125,0.0,0.0,0.0,0.0,0.0,0.0,0.0,0.0,0.6048793519386916,0.3595266271563455,0.4840562521179261,1.0,0.0390625,0.0,1.0,0.41379310344827586,0.375,1.0,1.0,0.7333333333333333
Charlotte Pass,14,0.06634748253245364,0.45454545454545453,0.7321428571428571,0.00505902192242833,0.5660377358490566,0.13793103448275862,0.0,0.0,0.24271844660194175,0.6521739130434783,0.0,1.0,0.0,0.0,0.0,1.0,1.0,1.0,1.0,0.125,0.0,0.0,0.0,0.0,0.0,0.0,0.0,0.0,0.6998671499449881,0.5074889573937429,0.27158590308370045,1.0,0.0390625,0.0,1.0,0.41379310344827586,0.375,1.0,1.0,0.7333333333333333
Charlotte Pass,15,0.04855880578423931,0.45454545454545453,0.7321428571428571,0.00505902192242833,0.5660377358490566,0.13793103448275862,0.0,0.0,0.24271844660194175,0.6521739130434783,0.0,1.0,0.0,0.0,0.0,1.0,1.0,1.0,1.0,0.125,0.0,0.0,0.0,0.0,0.0,0.0,0.0,0.0,0.6399835381584098,0.5113392782537939,0.5634530667570316,1.0,0.0390625,0.0,1.0,,,,,
Falls Creek,1,0.47653801989062106,1.0,1.0,0.1399662731871838,0.34107402031930334,0.8850574712643678,0.2564102564102564,0.3333333333333333,0.4368932038834951,0.0,0.8888888888888888,0.41379310344827586,0.0,0.0,0.0,1.0,1.0,1.0,1.0,0.425,0.6666666666666666,0.0,0.0,0.0,0.0,0.0,0.0,0.0,0.46367561481425107,0.5838653221043947,0.6191121653676721,0.6012658227848101,0.7057291666666666,0.4808743169398907,0.47635135135135137,0.4827586206896552,0.5,0.14,0.28378378378378377,0.5333333333333333
Falls Creek,2,0.40351491796578504,1.0,1.0,0.1399662731871838,0.34107402031930334,0.8850574712643678,0.2564102564102564,0.3333333333333333,0.4368932038834951,0.0,0.8888888888888888,0.41379310344827586,0.0,0.0,0.0,1.0,1.0,1.0,1.0,0.425,0.6666666666666666,0.0,0.0,0.0,0.0,0.0,0.0,0.0,0.294580583702404,0.4547545629231515,0.5686208065062691,0.6012658227848101,0.7057291666666666,0.4808743169398907,0.47635135135135137,0.4827586206896552,0.5,0.14,0.28378378378378377,0.5333333333333333
Falls Creek,3,0.496175629123606,1.0,1.0,0.1399662731871838,0.34107402031930334,0.8850574712643678,0.2564102564102564,0.3333333333333333,0.4368932038834951,0.0,0.8888888888888888,0.41379310344827586,0.0,0.0,0.0,1.0,1.0,1.0,1.0,0.425,0.6666666666666666,0.0,0.0,0.0,0.0,0.0,0.0,0.0,0.273642257902901,0.3643470289644704,0.3327685530328702,0.6012658227848101,0.7057291666666666,0.4808743169398907,0.47635135135135137,0.4827586206896552,0.5,0.14,0.28378378378378377,0.5333333333333333
Falls Creek,4,0.6188863587707518,1.0,1.0,0.1399662731871838,0.34107402031930334,0.8850574712643678,0.2564102564102564,0.3333333333333333,0.4368932038834951,0.0,0.8888888888888888,0.41379310344827586,0.0,0.0,0.0,1.0,1.0,1.0,1.0,0.425,0.6666666666666666,0.0,0.0,0.0,0.0,0.0,0.0,0.0,0.23306522652593345,0.311542628576053,0.3114198576753643,0.6012658227848101,0.7057291666666666,0.4808743169398907,0.47635135135135137,0.4827586206896552,0.5,0.14,0.28378378378378377,0.5333333333333333
Falls Creek,5,0.6658881687783422,1.0,1.0,0.1399662731871838,0.34107402031930334,0.8850574712643678,0.2564102564102564,0.3333333333333333,0.4368932038834951,0.0,0.8888888888888888,0.41379310344827586,0.0,0.0,0.0,1.0,1.0,1.0,1.0,0.425,0.6666666666666666,0.0,0.0,0.0,0.0,0.0,0.0,0.0,0.14368023569909016,0.3514126177609391,0.3859708573364961,0.6012658227848101,0.7057291666666666,0.4808743169398907,0.47635135135135137,0.7586206896551724,0.75,0.44,0.581081081081081,0.5
Falls Creek,6,0.6067028668184737,1.0,1.0,0.1399662731871838,0.34107402031930334,0.8850574712643678,0.2564102564102564,0.3333333333333333,0.4368932038834951,0.0,0.8888888888888888,0.41379310344827586,0.0,0.0,0.0,1.0,1.0,1.0,1.0,0.425,0.6666666666666666,0.0,0.0,0.0,0.0,0.0,0.0,0.0,0.12874904337034127,0.1771314276013553,0.2724500169434091,0.6012658227848101,0.7057291666666666,0.4808743169398907,0.47635135135135137,0.7586206896551724,0.75,0.44,0.581081081081081,0.5
Falls Creek,7,0.4866001050972149,1.0,1.0,0.1399662731871838,0.34107402031930334,0.8850574712643678,0.2564102564102564,0.3333333333333333,0.4368932038834951,0.0,0.8888888888888888,0.41379310344827586,0.0,0.0,0.0,1.0,1.0,1.0,1.0,0.425,0.6666666666666666,0.0,0.0,0.0,0.0,0.0,0.0,0.0,0.2346247707923792,0.37074756225621064,0.3073534395120298,0.6012658227848101,0.7057291666666666,0.4808743169398907,0.47635135135135137,0.7586206896551724,0.75,0.44,0.581081081081081,0.5
Falls Creek,8,0.38432494501858666,1.0,1.0,0.1399662731871838,0.34107402031930334,0.8850574712643678,0.2564102564102564,0.3333333333333333,0.4368932038834951,0.0,0.8888888888888888,0.41379310344827586,0.0,0.0,0.0,1.0,1.0,1.0,1.0,0.425,0.6666666666666666,0.0,0.0,0.0,0.0,0.0,0.0,0.0,0.26821273341971963,0.376598049798808,0.23652998983395462,0.6012658227848101,0.7057291666666666,0.4808743169398907,0.47635135135135137,0.7586206896551724,0.75,0.44,0.581081081081081,0.5
Falls Creek,9,0.3559681594363675,1.0,1.0,0.1399662731871838,0.34107402031930334,0.8850574712643678,0.2564102564102564,0.3333333333333333,0.4368932038834951,0.0,0.8888888888888888,0.41379310344827586,0.0,0.0,0.0,1.0,1.0,1.0,1.0,0.425,0.6666666666666666,0.0,0.0,0.0,0.0,0.0,0.0,0.0,0.19006223740116135,0.2773797816443243,0.3751270755676043,0.6012658227848101,0.7057291666666666,0.4808743169398907,0.47635135135135137,0.5862068965517241,0.625,0.68,0.8783783783783784,0.6333333333333333
Falls Creek,10,0.4006734006734007,1.0,1.0,0.1399662731871838,0.34107402031930334,0.8850574712643678,0.2564102564102564,0.3333333333333333,0.4368932038834951,0.0,0.8888888888888888,0.41379310344827586,0.0,0.0,0.0,1.0,1.0,1.0,1.0,0.425,0.6666666666666666,0.0,0.0,0.0,0.0,0.0,0.0,0.0,0.27867226950301155,0.4134311191970614,0.36225008471704506,0.6012658227848101,0.7057291666666666,0.4808743169398907,0.47635135135135137,0.5862068965517241,0.625,0.68,0.8783783783783784,0.6333333333333333
Falls Creek,11,0.46826647982717345,1.0,1.0,0.1399662731871838,0.34107402031930334,0.8850574712643678,0.2564102564102564,0.3333333333333333,0.4368932038834951,0.0,0.8888888888888888,0.41379310344827586,0.0,0.0,0.0,1.0,1.0,1.0,1.0,0.425,0.6666666666666666,0.0,0.0,0.0,0.0,0.0,0.0,0.0,0.3086381424374494,0.38809234104635065,0.5528295493053201,0.6012658227848101,0.7057291666666666,0.4808743169398907,0.47635135135135137,0.5862068965517241,0.625,0.68,0.8783783783783784,0.6333333333333333
Falls Creek,12,0.5003211303789339,1.0,1.0,0.1399662731871838,0.34107402031930334,0.8850574712643678,0.2564102564102564,0.3333333333333333,0.4368932038834951,0.0,0.8888888888888888,0.41379310344827586,0.0,0.0,0.0,1.0,1.0,1.0,1.0,0.425,0.6666666666666666,0.0,0.0,0.0,0.0,0.0,0.0,0.0,0.41307706750290085,0.372727727291953,0.4041003049813622,0.6012658227848101,0.7057291666666666,0.4808743169398907,0.47635135135135137,0.5862068965517241,0.625,0.68,0.8783783783783784,0.6333333333333333
Falls Creek,13,0.4747280123002666,1.0,1.0,0.1399662731871838,0.34107402031930334,0.8850574712643678,0.2564102564102564,0.3333333333333333,0.4368932038834951,0.0,0.8888888888888888,0.41379310344827586,0.0,0.0,0.0,1.0,1.0,1.0,1.0,0.425,0.6666666666666666,0.0,0.0,0.0,0.0,0.0,0.0,0.0,0.5552410795691806,0.5450020835533894,0.3433412402575398,0.6012658227848101,0.7057291666666666,0.4808743169398907,0.47635135135135137,0.20689655172413793,0.375,0.56,0.8783783783783784,0.3
Falls Creek,14,0.4223351044160293,1.0,1.0,0.1399662731871838,0.34107402031930334,0.8850574712643678,0.2564102564102564,0.3333333333333333,0.4368932038834951,0.0,0.8888888888888888,0.41379310344827586,0.0,0.0,0.0,1.0,1.0,1.0,1.0,0.425,0.6666666666666666,0.0,0.0,0.0,0.0,0.0,0.0,0.0,0.6343446304172335,0.622008500754412,0.2669264656048797,0.6012658227848101,0.7057291666666666,0.4808743169398907,0.47635135135135137,0.20689655172413793,0.375,0.56,0.8783783783783784,0.3
Falls Creek,15,0.4045269652206068,1.0,1.0,0.1399662731871838,0.34107402031930334,0.8850574712643678,0.2564102564102564,0.3333333333333333,0.4368932038834951,0.0,0.8888888888888888,0.41379310344827586,0.0,0.0,0.0,1.0,1.0,1.0,1.0,0.425,0.6666666666666666,0.0,0.0,0.0,0.0,0.0,0.0,0.0,0.5787497653633811,0.5854854571896432,0.3392409352761776,0.6012658227848101,0.7057291666666666,0.4808743169398907,0.47635135135135137,0.10344827586206896,0.125,0.38,0.527027027027027,0.2
Mt. Baw Baw,1,0.13248087814561804,0.0,0.017857142857142856,0.0,0.2931785195936139,0.0,0.02564102564102564,0.3333333333333333,0.0,0.34782608695652173,1.0,0.0,0.0,0.0,0.0,0.0,0.0,0.0,0.0,0.075,1.0,1.0,0.0,0.0,0.0,0.0,0.0,0.0,0.546052283258548,0.7390215850601468,0.9149440867502543,0.0,1.0,1.0,0.0,0.1724137931034483,0.375,0.02,0.0,0.3333333333333333
Mt. Baw Baw,2,0.05943831377357389,0.0,0.017857142857142856,0.0,0.2931785195936139,0.0,0.02564102564102564,0.3333333333333333,0.0,0.34782608695652173,1.0,0.0,0.0,0.0,0.0,0.0,0.0,0.0,0.0,0.075,1.0,1.0,0.0,0.0,0.0,0.0,0.0,0.0,0.4129422920724672,0.6579381615146171,0.6658759742460183,0.0,1.0,1.0,0.0,0.1724137931034483,0.375,0.02,0.0,0.3333333333333333
Mt. Baw Baw,3,0.15209902493139488,0.0,0.017857142857142856,0.0,0.2931785195936139,0.0,0.02564102564102564,0.3333333333333333,0.0,0.34782608695652173,1.0,0.0,0.0,0.0,0.0,0.0,0.0,0.0,0.0,0.075,1.0,1.0,0.0,0.0,0.0,0.0,0.0,0.0,0.36562648917382057,0.568564047052222,0.32124703490342255,0.0,1.0,1.0,0.0,0.1724137931034483,0.375,0.02,0.0,0.3333333333333333
Mt. Baw Baw,4,0.2748292170257488,0.0,0.017857142857142856,0.0,0.2931785195936139,0.0,0.02564102564102564,0.3333333333333333,0.0,0.34782608695652173,1.0,0.0,0.0,0.0,0.0,0.0,0.0,0.0,0.0,0.075,1.0,1.0,0.0,0.0,0.0,0.0,0.0,0.0,0.367190846848496,0.554396199730354,0.4903422568620807,0.0,1.0,1.0,0.0,0.1724137931034483,0.375,0.02,0.0,0.3333333333333333
Mt. Baw Baw,5,0.3218115645861311,0.0,0.017857142857142856,0.0,0.2931785195936139,0.0,0.02564102564102564,0.3333333333333333,0.0,0.34782608695652173,1.0,0.0,0.0,0.0,0.0,0.0,0.0,0.0,0.0,0.075,1.0,1.0,0.0,0.0,0.0,0.0,0.0,0.0,0.2916058974164055,0.5705642137347682,0.8559810233819046,0.0,1.0,1.0,0.0,0.3103448275862069,0.5,0.08,0.08108108108108109,0.3
Mt. Baw Baw,6,0.26262626262626265,0.0,0.017857142857142856,0.0,0.2931785195936139,0.0,0.02564102564102564,0.3333333333333333,0.0,0.34782608695652173,1.0,0.0,0.0,0.0,0.0,0.0,0.0,0.0,0.0,0.075,1.0,1.0,0.0,0.0,0.0,0.0,0.0,0.0,0.2838948174323128,0.4285857155060063,0.9783124364622162,0.0,1.0,1.0,0.0,0.3103448275862069,0.5,0.08,0.08108108108108109,0.3
Mt. Baw Baw,7,0.1425235009050038,0.0,0.017857142857142856,0.0,0.2931785195936139,0.0,0.02564102564102564,0.3333333333333333,0.0,0.34782608695652173,1.0,0.0,0.0,0.0,0.0,0.0,0.0,0.0,0.0,0.075,1.0,1.0,0.0,0.0,0.0,0.0,0.0,0.0,0.3707527689385264,0.5423951996350768,0.3436123348017621,0.0,1.0,1.0,0.0,0.3103448275862069,0.5,0.08,0.08108108108108109,0.3
Mt. Baw Baw,8,0.04024834082637551,0.0,0.017857142857142856,0.0,0.2931785195936139,0.0,0.02564102564102564,0.3333333333333333,0.0,0.34782608695652173,1.0,0.0,0.0,0.0,0.0,0.0,0.0,0.0,0.0,0.075,1.0,1.0,0.0,0.0,0.0,0.0,0.0,0.0,0.4048076321641546,0.5137594799812583,0.5615045747204338,0.0,1.0,1.0,0.0,0.3103448275862069,0.5,0.08,0.08108108108108109,0.3
Mt. Baw Baw,9,0.0118915552441564,0.0,0.017857142857142856,0.0,0.2931785195936139,0.0,0.02564102564102564,0.3333333333333333,0.0,0.34782608695652173,1.0,0.0,0.0,0.0,0.0,0.0,0.0,0.0,0.0,0.075,1.0,1.0,0.0,0.0,0.0,0.0,0.0,0.0,0.2981328789759748,0.46955579634319083,0.4774652660115215,0.0,1.0,1.0,0.0,0.3448275862068966,0.375,0.12,0.25675675675675674,0.3
Mt. Baw Baw,10,0.056596796481189544,0.0,0.017857142857142856,0.0,0.2931785195936139,0.0,0.02564102564102564,0.3333333333333333,0.0,0.34782608695652173,1.0,0.0,0.0,0.0,0.0,0.0,0.0,0.0,0.0,0.075,1.0,1.0,0.0,0.0,0.0,0.0,0.0,0.0,0.4329323764507052,0.6044070338555978,0.5360555743815656,0.0,1.0,1.0,0.0,0.3448275862068966,0.375,0.12,0.25675675675675674,0.3
Mt. Baw Baw,11,0.12418987563496234,0.0,0.017857142857142856,0.0,0.2931785195936139,0.0,0.02564102564102564,0.3333333333333333,0.0,0.34782608695652173,1.0,0.0,0.0,0.0,0.0,0.0,0.0,0.0,0.0,0.075,1.0,1.0,0.0,0.0,0.0,0.0,0.0,0.0,0.44595745912046486,0.552900741730862,0.76753642832938,0.0,1.0,1.0,0.0,0.3448275862068966,0.375,0.12,0.25675675675675674,0.3
Mt. Baw Baw,12,0.15624452618672272,0.0,0.017857142857142856,0.0,0.2931785195936139,0.0,0.02564102564102564,0.3333333333333333,0.0,0.34782608695652173,1.0,0.0,0.0,0.0,0.0,0.0,0.0,0.0,0.0,0.075,1.0,1.0,0.0,0.0,0.0,0.0,0.0,0.0,0.5409629062902704,0.6105675472316796,0.5364283293798712,0.0,1.0,1.0,0.0,0.3448275862068966,0.375,0.12,0.25675675675675674,0.3
Mt. Baw Baw,13,0.1306514081080555,0.0,0.017857142857142856,0.0,0.2931785195936139,0.0,0.02564102564102564,0.3333333333333333,0.0,0.34782608695652173,1.0,0.0,0.0,0.0,0.0,0.0,0.0,0.0,0.0,0.075,1.0,1.0,0.0,0.0,0.0,0.0,0.0,0.0,0.6646835424894786,0.6534303785000566,0.49128355736285245,0.0,1.0,1.0,0.0,0.27586206896551724,0.25,0.16,0.20270270270270271,0.4666666666666667
Mt. Baw Baw,14,0.07825850022381814,0.0,0.017857142857142856,0.0,0.2931785195936139,0.0,0.02564102564102564,0.3333333333333333,0.0,0.34782608695652173,1.0,0.0,0.0,0.0,0.0,0.0,0.0,0.0,0.0,0.075,1.0,1.0,0.0,0.0,0.0,0.0,0.0,0.0,0.6910816484810357,0.7004607527116568,0.7520937212567168,0.0,1.0,1.0,0.0,0.27586206896551724,0.25,0.16,0.20270270270270271,0.4666666666666667
Mt. Baw Baw,15,0.06046982347560382,0.0,0.017857142857142856,0.0,0.2931785195936139,0.0,0.02564102564102564,0.3333333333333333,0.0,0.34782608695652173,1.0,0.0,0.0,0.0,0.0,0.0,0.0,0.0,0.0,0.075,1.0,1.0,0.0,0.0,0.0,0.0,0.0,0.0,0.6252376620465071,0.6010334195270883,0.7594600700327574,0.0,1.0,1.0,0.0,0.0,0.0,0.3,0.20270270270270271,0.0
Mt. Buller,1,0.597711216208326,0.36363636363636354,0.0,0.0893760539629005,0.6386066763425254,0.7701149425287356,0.38461538461538464,1.0,0.33980582524271846,0.13043478260869565,0.4722222222222222,0.8275862068965517,0.0,0.0,0.0,1.0,1.0,1.0,1.0,1.0,1.0,0.0,0.0,0.0,1.0,0.0,0.0,0.0,0.4804262754538534,0.6131677639343909,0.9678075228736023,0.29535864978902954,0.9192708333333334,0.7568306010928961,0.14527027027027026,0.3793103448275862,0.375,0.08,0.06756756756756757,0.43333333333333335
Mt. Buller,2,0.52468811428349,0.36363636363636354,0.0,0.0893760539629005,0.6386066763425254,0.7701149425287356,0.38461538461538464,1.0,0.33980582524271846,0.13043478260869565,0.4722222222222222,0.8275862068965517,0.0,0.0,0.0,1.0,1.0,1.0,1.0,1.0,1.0,0.0,0.0,0.0,1.0,0.0,0.0,0.0,0.3406449004613102,0.5023585299061462,0.5391392748220943,0.29535864978902954,0.9192708333333334,0.7568306010928961,0.14527027027027026,0.3793103448275862,0.375,0.08,0.06756756756756757,0.43333333333333335
Mt. Buller,3,0.617348825441311,0.36363636363636354,0.0,0.0893760539629005,0.6386066763425254,0.7701149425287356,0.38461538461538464,1.0,0.33980582524271846,0.13043478260869565,0.4722222222222222,0.8275862068965517,0.0,0.0,0.0,1.0,1.0,1.0,1.0,1.0,1.0,0.0,0.0,0.0,1.0,0.0,0.0,0.0,0.27292024666843545,0.42275189600241214,0.5604879701796002,0.29535864978902954,0.9192708333333334,0.7568306010928961,0.14527027027027026,0.3793103448275862,0.375,0.08,0.06756756756756757,0.43333333333333335
Mt. Buller,4,0.740079017535665,0.36363636363636354,0.0,0.0893760539629005,0.6386066763425254,0.7701149425287356,0.38461538461538464,1.0,0.33980582524271846,0.13043478260869565,0.4722222222222222,0.8275862068965517,0.0,0.0,0.0,1.0,1.0,1.0,1.0,1.0,1.0,0.0,0.0,0.0,1.0,0.0,0.0,0.0,0.27133182195261113,0.4297524793143175,0.566248729244324,0.29535864978902954,0.9192708333333334,0.7568306010928961,0.14527027027027026,0.3793103448275862,0.375,0.08,0.06756756756756757,0.43333333333333335
Mt. Buller,5,0.7870613650960472,0.36363636363636354,0.0,0.0893760539629005,0.6386066763425254,0.7701149425287356,0.38461538461538464,1.0,0.33980582524271846,0.13043478260869565,0.4722222222222222,0.8275862068965517,0.0,0.0,0.0,1.0,1.0,1.0,1.0,1.0,1.0,0.0,0.0,0.0,1.0,0.0,0.0,0.0,0.1665198577493525,0.4081506792044235,0.6753642832937988,0.29535864978902954,0.9192708333333334,0.7568306010928961,0.14527027027027026,0.5862068965517241,0.75,0.24,0.3108108108108108,0.36666666666666664
Mt. Buller,6,0.7278760631361787,0.36363636363636354,0.0,0.0893760539629005,0.6386066763425254,0.7701149425287356,0.38461538461538464,1.0,0.33980582524271846,0.13043478260869565,0.4722222222222222,0.8275862068965517,0.0,0.0,0.0,1.0,1.0,1.0,1.0,1.0,1.0,0.0,0.0,0.0,1.0,0.0,0.0,0.0,0.1744379142873254,0.23533627801724624,0.33819044391731623,0.29535864978902954,0.9192708333333334,0.7568306010928961,0.14527027027027026,0.5862068965517241,0.75,0.24,0.3108108108108108,0.36666666666666664
Mt. Buller,7,0.6077733014149199,0.36363636363636354,0.0,0.0893760539629005,0.6386066763425254,0.7701149425287356,0.38461538461538464,1.0,0.33980582524271846,0.13043478260869565,0.4722222222222222,0.8275862068965517,0.0,0.0,0.0,1.0,1.0,1.0,1.0,1.0,1.0,0.0,0.0,0.0,1.0,0.0,0.0,0.0,0.2570359995101919,0.41975164590158637,0.6286004744154523,0.29535864978902954,0.9192708333333334,0.7568306010928961,0.14527027027027026,0.5862068965517241,0.75,0.24,0.3108108108108108,0.36666666666666664
Mt. Buller,8,0.5054981413362917,0.36363636363636354,0.0,0.0893760539629005,0.6386066763425254,0.7701149425287356,0.38461538461538464,1.0,0.33980582524271846,0.13043478260869565,0.4722222222222222,0.8275862068965517,0.0,0.0,0.0,1.0,1.0,1.0,1.0,1.0,1.0,0.0,0.0,0.0,1.0,0.0,0.0,0.0,0.28201758822270223,0.3977498125475909,0.6689257878685191,0.29535864978902954,0.9192708333333334,0.7568306010928961,0.14527027027027026,0.5862068965517241,0.75,0.24,0.3108108108108108,0.36666666666666664
Mt. Buller,9,0.4771413557540725,0.36363636363636354,0.0,0.0893760539629005,0.6386066763425254,0.7701149425287356,0.38461538461538464,1.0,0.33980582524271846,0.13043478260869565,0.4722222222222222,0.8275862068965517,0.0,0.0,0.0,1.0,1.0,1.0,1.0,1.0,1.0,0.0,0.0,0.0,1.0,0.0,0.0,0.0,0.1998527097405151,0.32174347861083485,0.48390376143680114,0.29535864978902954,0.9192708333333334,0.7568306010928961,0.14527027027027026,0.5517241379310345,0.625,0.4,0.5540540540540541,0.5666666666666667
Mt. Buller,10,0.5218465969911057,0.36363636363636354,0.0,0.0893760539629005,0.6386066763425254,0.7701149425287356,0.38461538461538464,1.0,0.33980582524271846,0.13043478260869565,0.4722222222222222,0.8275862068965517,0.0,0.0,0.0,1.0,1.0,1.0,1.0,1.0,1.0,0.0,0.0,0.0,1.0,0.0,0.0,0.0,0.3152301050081206,0.471889324113826,0.547610979329041,0.29535864978902954,0.9192708333333334,0.7568306010928961,0.14527027027027026,0.5517241379310345,0.625,0.4,0.5540540540540541,0.5666666666666667
Mt. Buller,11,0.5894396761448785,0.36363636363636354,0.0,0.0893760539629005,0.6386066763425254,0.7701149425287356,0.38461538461538464,1.0,0.33980582524271846,0.13043478260869565,0.4722222222222222,0.8275862068965517,0.0,0.0,0.0,1.0,1.0,1.0,1.0,1.0,1.0,0.0,0.0,0.0,1.0,0.0,0.0,0.0,0.31618315983761514,0.4233319443757735,0.6866485936970519,0.29535864978902954,0.9192708333333334,0.7568306010928961,0.14527027027027026,0.5517241379310345,0.625,0.4,0.5540540540540541,0.5666666666666667
Mt. Buller,12,0.6214943266966388,0.36363636363636354,0.0,0.0893760539629005,0.6386066763425254,0.7701149425287356,0.38461538461538464,1.0,0.33980582524271846,0.13043478260869565,0.4722222222222222,0.8275862068965517,0.0,0.0,0.0,1.0,1.0,1.0,1.0,1.0,1.0,0.0,0.0,0.0,1.0,0.0,0.0,0.0,0.4438925069898933,0.42971247602070983,0.2508980006777364,0.29535864978902954,0.9192708333333334,0.7568306010928961,0.14527027027027026,0.5517241379310345,0.625,0.4,0.5540540540540541,0.5666666666666667
Mt. Buller,13,0.5959012086179716,0.36363636363636354,0.0,0.0893760539629005,0.6386066763425254,0.7701149425287356,0.38461538461538464,1.0,0.33980582524271846,0.13043478260869565,0.4722222222222222,0.8275862068965517,0.0,0.0,0.0,1.0,1.0,1.0,1.0,1.0,1.0,0.0,0.0,0.0,1.0,0.0,0.0,0.0,0.5682661622389402,0.5997866488235364,0.3299220603185361,0.29535864978902954,0.9192708333333334,0.7568306010928961,0.14527027027027026,0.2413793103448276,0.375,0.34,0.7432432432432432,0.36666666666666664
Mt. Buller,14,0.5435083007337342,0.36363636363636354,0.0,0.0893760539629005,0.6386066763425254,0.7701149425287356,0.38461538461538464,1.0,0.33980582524271846,0.13043478260869565,0.4722222222222222,0.8275862068965517,0.0,0.0,0.0,1.0,1.0,1.0,1.0,1.0,1.0,0.0,0.0,0.0,1.0,0.0,0.0,0.0,0.6085592025303513,0.6421035085982919,0.5558944237358334,0.29535864978902954,0.9192708333333334,0.7568306010928961,0.14527027027027026,0.2413793103448276,0.375,0.34,0.7432432432432432,0.36666666666666664
Mt. Buller,15,0.52571962398552,0.36363636363636354,0.0,0.0893760539629005,0.6386066763425254,0.7701149425287356,0.38461538461538464,1.0,0.33980582524271846,0.13043478260869565,0.4722222222222222,0.8275862068965517,0.0,0.0,0.0,1.0,1.0,1.0,1.0,1.0,1.0,0.0,0.0,0.0,1.0,0.0,0.0,0.0,0.6124420185023665,0.6179014917856865,0.3852554689559094,0.29535864978902954,0.9192708333333334,0.7568306010928961,0.14527027027027026,0.20689655172413793,0.125,0.16,0.21621621621621623,0.2
Mt. Hotham,1,0.4143749635079115,1.0,0.4642857142857143,0.09612141652613827,0.7198838896952104,0.7701149425287356,0.20512820512820512,0.0,0.33980582524271846,0.13043478260869565,0.3333333333333333,1.0,0.0,0.0,0.0,1.0,1.0,1.0,1.0,0.425,0.6666666666666666,0.0,0.0,1.0,0.0,0.0,0.0,1.0,0.3283500805829815,0.4187248937749146,0.4930532023043036,0.5527426160337553,0.7682291666666666,0.546448087431694,0.527027027027027,0.5517241379310345,0.5,0.14,0.16216216216216217,0.6666666666666666
Mt. Hotham,2,0.3413323991358673,1.0,0.4642857142857143,0.09612141652613827,0.7198838896952104,0.7701149425287356,0.20512820512820512,0.0,0.33980582524271846,0.13043478260869565,0.3333333333333333,1.0,0.0,0.0,0.0,1.0,1.0,1.0,1.0,0.425,0.6666666666666666,0.0,0.0,1.0,0.0,0.0,0.0,1.0,0.17278284238062733,0.3391141569692721,0.21856997627922733,0.5527426160337553,0.7682291666666666,0.546448087431694,0.527027027027027,0.5517241379310345,0.5,0.14,0.16216216216216217,0.6666666666666666
Mt. Hotham,3,0.4339931102936883,1.0,0.4642857142857143,0.09612141652613827,0.7198838896952104,0.7701149425287356,0.20512820512820512,0.0,0.33980582524271846,0.13043478260869565,0.3333333333333333,1.0,0.0,0.0,0.0,1.0,1.0,1.0,1.0,0.425,0.6666666666666666,0.0,0.0,1.0,0.0,0.0,0.0,1.0,0.10747970318949876,0.23061280742072174,0.2710945442222975,0.5527426160337553,0.7682291666666666,0.546448087431694,0.527027027027027,0.5517241379310345,0.5,0.14,0.16216216216216217,0.6666666666666666
Mt. Hotham,4,0.5567233023880422,1.0,0.4642857142857143,0.09612141652613827,0.7198838896952104,0.7701149425287356,0.20512820512820512,0.0,0.33980582524271846,0.13043478260869565,0.3333333333333333,1.0,0.0,0.0,0.0,1.0,1.0,1.0,1.0,0.425,0.6666666666666666,0.0,0.0,1.0,0.0,0.0,0.0,1.0,0.126867688382248,0.24013667802455457,0.15011860386309722,0.5527426160337553,0.7682291666666666,0.546448087431694,0.527027027027027,0.5517241379310345,0.5,0.14,0.16216216216216217,0.6666666666666666
Mt. Hotham,5,0.6037056499484245,1.0,0.4642857142857143,0.09612141652613827,0.7198838896952104,0.7701149425287356,0.20512820512820512,0.0,0.33980582524271846,0.13043478260869565,0.3333333333333333,1.0,0.0,0.0,0.0,1.0,1.0,1.0,1.0,0.425,0.6666666666666666,0.0,0.0,1.0,0.0,0.0,0.0,1.0,0.03682257305016384,0.263438619960925,0.0,0.5527426160337553,0.7682291666666666,0.546448087431694,0.527027027027027,0.7586206896551724,1.0,0.38,0.3783783783783784,0.4
Mt. Hotham,6,0.5445203479885561,1.0,0.4642857142857143,0.09612141652613827,0.7198838896952104,0.7701149425287356,0.20512820512820512,0.0,0.33980582524271846,0.13043478260869565,0.3333333333333333,1.0,0.0,0.0,0.0,1.0,1.0,1.0,1.0,0.425,0.6666666666666666,0.0,0.0,1.0,0.0,0.0,0.0,1.0,0.0,0.07892324353454018,0.06031853608946117,0.5527426160337553,0.7682291666666666,0.546448087431694,0.527027027027027,0.7586206896551724,1.0,0.38,0.3783783783783784,0.4
Mt. Hotham,7,0.42441758626729725,1.0,0.4642857142857143,0.09612141652613827,0.7198838896952104,0.7701149425287356,0.20512820512820512,0.0,0.33980582524271846,0.13043478260869565,0.3333333333333333,1.0,0.0,0.0,0.0,1.0,1.0,1.0,1.0,0.425,0.6666666666666666,0.0,0.0,1.0,0.0,0.0,0.0,1.0,0.10035956163115323,0.23713642807774168,0.44493392070484583,0.5527426160337553,0.7682291666666666,0.546448087431694,0.527027027027027,0.7586206896551724,1.0,0.38,0.3783783783783784,0.4
Mt. Hotham,8,0.32214242618866895,1.0,0.4642857142857143,0.09612141652613827,0.7198838896952104,0.7701149425287356,0.20512820512820512,0.0,0.33980582524271846,0.13043478260869565,0.3333333333333333,1.0,0.0,0.0,0.0,1.0,1.0,1.0,1.0,0.425,0.6666666666666666,0.0,0.0,1.0,0.0,0.0,0.0,1.0,0.14652014655465492,0.252817734881225,0.2690613351406303,0.5527426160337553,0.7682291666666666,0.546448087431694,0.527027027027027,0.7586206896551724,1.0,0.38,0.3783783783783784,0.4
Mt. Hotham,9,0.29378564060644985,1.0,0.4642857142857143,0.09612141652613827,0.7198838896952104,0.7701149425287356,0.20512820512820512,0.0,0.33980582524271846,0.13043478260869565,0.3333333333333333,1.0,0.0,0.0,0.0,1.0,1.0,1.0,1.0,0.425,0.6666666666666666,0.0,0.0,1.0,0.0,0.0,0.0,1.0,0.06106548872693558,0.1503291940860387,0.015249068112504238,0.5527426160337553,0.7682291666666666,0.546448087431694,0.527027027027027,0.6551724137931034,0.75,0.68,0.8783783783783784,0.4
Mt. Hotham,10,0.3385103442906911,1.0,0.4642857142857143,0.09612141652613827,0.7198838896952104,0.7701149425287356,0.20512820512820512,0.0,0.33980582524271846,0.13043478260869565,0.3333333333333333,1.0,0.0,0.0,0.0,1.0,1.0,1.0,1.0,0.425,0.6666666666666666,0.0,0.0,1.0,0.0,0.0,0.0,1.0,0.17420687069229643,0.3285726191478432,0.0908166723144697,0.5527426160337553,0.7682291666666666,0.546448087431694,0.527027027027027,0.6551724137931034,0.75,0.68,0.8783783783783784,0.4
Mt. Hotham,11,0.40610342344446393,1.0,0.4642857142857143,0.09612141652613827,0.7198838896952104,0.7701149425287356,0.20512820512820512,0.0,0.33980582524271846,0.13043478260869565,0.3333333333333333,1.0,0.0,0.0,0.0,1.0,1.0,1.0,1.0,0.425,0.6666666666666666,0.0,0.0,1.0,0.0,0.0,0.0,1.0,0.16766544890803797,0.2798799899590038,0.2986106404608607,0.5527426160337553,0.7682291666666666,0.546448087431694,0.527027027027027,0.6551724137931034,0.75,0.68,0.8783783783783784,0.4
Mt. Hotham,12,0.4381580739962243,1.0,0.4642857142857143,0.09612141652613827,0.7198838896952104,0.7701149425287356,0.20512820512820512,0.0,0.33980582524271846,0.13043478260869565,0.3333333333333333,1.0,0.0,0.0,0.0,1.0,1.0,1.0,1.0,0.425,0.6666666666666666,0.0,0.0,1.0,0.0,0.0,0.0,1.0,0.277107911828336,0.2615304608536762,0.3243307353439513,0.5527426160337553,0.7682291666666666,0.546448087431694,0.527027027027027,0.6551724137931034,0.75,0.68,0.8783783783783784,0.4
Mt. Hotham,13,0.41254549347034897,1.0,0.4642857142857143,0.09612141652613827,0.7198838896952104,0.7701149425287356,0.20512820512820512,0.0,0.33980582524271846,0.13043478260869565,0.3333333333333333,1.0,0.0,0.0,0.0,1.0,1.0,1.0,1.0,0.425,0.6666666666666666,0.0,0.0,1.0,0.0,0.0,0.0,1.0,0.48580422770600157,0.45367483007341974,0.20132158590308372,0.5527426160337553,0.7682291666666666,0.546448087431694,0.527027027027027,0.27586206896551724,0.375,0.6,0.8108108108108109,0.3
Mt. Hotham,14,0.3601525855861116,1.0,0.4642857142857143,0.09612141652613827,0.7198838896952104,0.7701149425287356,0.20512820512820512,0.0,0.33980582524271846,0.13043478260869565,0.3333333333333333,1.0,0.0,0.0,0.0,1.0,1.0,1.0,1.0,0.425,0.6666666666666666,0.0,0.0,1.0,0.0,0.0,0.0,1.0,0.4668849547514508,0.4993482789819186,0.24977973568281941,0.5527426160337553,0.7682291666666666,0.546448087431694,0.527027027027027,0.27586206896551724,0.375,0.6,0.8108108108108109,0.3
Mt. Hotham,15,0.3423639088378973,1.0,0.4642857142857143,0.09612141652613827,0.7198838896952104,0.7701149425287356,0.20512820512820512,0.0,0.33980582524271846,0.13043478260869565,0.3333333333333333,1.0,0.0,0.0,0.0,1.0,1.0,1.0,1.0,0.425,0.6666666666666666,0.0,0.0,1.0,0.0,0.0,0.0,1.0,0.4131388395751828,0.40375031259522953,0.2643171806167401,0.5527426160337553,0.7682291666666666,0.546448087431694,0.527027027027027,0.0,0.0,0.66,0.4189189189189189,0.13333333333333333
Perisher,1,0.810669313559487,0.45454545454545453,0.875,1.0,1.0,1.0,1.0,0.6666666666666666,0.4368932038834951,0.21739130434782608,0.8888888888888888,0.2413793103448276,0.0,0.0,0.0,1.0,1.0,1.0,1.0,0.575,0.6666666666666666,0.0,1.0,0.0,0.0,0.0,0.0,0.0,0.6469220661216245,0.4011500958925182,0.9898339545916638,0.9789029535864979,0.0390625,0.0,1.0,0.7241379310344828,0.625,0.14,0.16216216216216217,0.9333333333333333
Perisher,2,0.7376267491874429,0.45454545454545453,0.875,1.0,1.0,1.0,1.0,0.6666666666666666,0.4368932038834951,0.21739130434782608,0.8888888888888888,0.2413793103448276,0.0,0.0,0.0,1.0,1.0,1.0,1.0,0.575,0.6666666666666666,0.0,1.0,0.0,0.0,0.0,0.0,0.0,0.49833215406860065,0.21053421118447577,0.5879362927821078,0.9789029535864979,0.0390625,0.0,1.0,0.7241379310344828,0.625,0.14,0.16216216216216217,0.9333333333333333
Perisher,3,0.8302874603452638,0.45454545454545453,0.875,1.0,1.0,1.0,1.0,0.6666666666666666,0.4368932038834951,0.21739130434782608,0.8888888888888888,0.2413793103448276,0.0,0.0,0.0,1.0,1.0,1.0,1.0,0.575,0.6666666666666666,0.0,1.0,0.0,0.0,0.0,0.0,0.0,0.4706069226651211,0.19133261100122956,0.8315825144018976,0.9789029535864979,0.0390625,0.0,1.0,0.7241379310344828,0.625,0.14,0.16216216216216217,0.9333333333333333
Perisher,4,0.9530176524396178,0.45454545454545453,0.875,1.0,1.0,1.0,1.0,0.6666666666666666,0.4368932038834951,0.21739130434782608,0.8888888888888888,0.2413793103448276,0.0,0.0,0.0,1.0,1.0,1.0,1.0,0.575,0.6666666666666666,0.0,1.0,0.0,0.0,0.0,0.0,0.0,0.46194278785153364,0.17293107761421217,0.44933920704845814,0.9789029535864979,0.0390625,0.0,1.0,0.7241379310344828,0.625,0.14,0.16216216216216217,0.9333333333333333
Perisher,5,1.0,0.45454545454545453,0.875,1.0,1.0,1.0,1.0,0.6666666666666666,0.4368932038834951,0.21739130434782608,0.8888888888888888,0.2413793103448276,0.0,0.0,0.0,1.0,1.0,1.0,1.0,0.575,0.6666666666666666,0.0,1.0,0.0,0.0,0.0,0.0,0.0,0.3436773476460659,0.1497291440658735,0.764486614706879,0.9789029535864979,0.0390625,0.0,1.0,0.896551724137931,0.875,0.46,0.6756756756756757,0.4666666666666667
Perisher,6,0.9408146980401315,0.45454545454545453,0.875,1.0,1.0,1.0,1.0,0.6666666666666666,0.4368932038834951,0.21739130434782608,0.8888888888888888,0.2413793103448276,0.0,0.0,0.0,1.0,1.0,1.0,1.0,0.575,0.6666666666666666,0.0,1.0,0.0,0.0,0.0,0.0,0.0,0.3379878991184768,0.1173264439010326,0.6953575059301932,0.9789029535864979,0.0390625,0.0,1.0,0.896551724137931,0.875,0.46,0.6756756756756757,0.4666666666666667
Perisher,7,0.8207119363188727,0.45454545454545453,0.875,1.0,1.0,1.0,1.0,0.6666666666666666,0.4368932038834951,0.21739130434782608,0.8888888888888888,0.2413793103448276,0.0,0.0,0.0,1.0,1.0,1.0,1.0,0.575,0.6666666666666666,0.0,1.0,0.0,0.0,0.0,0.0,0.0,0.4262754328689323,0.22693557804295986,1.0,0.9789029535864979,0.0390625,0.0,1.0,0.896551724137931,0.875,0.46,0.6756756756756757,0.4666666666666667
Perisher,8,0.7184367762402445,0.45454545454545453,0.875,1.0,1.0,1.0,1.0,0.6666666666666666,0.4368932038834951,0.21739130434782608,0.8888888888888888,0.2413793103448276,0.0,0.0,0.0,1.0,1.0,1.0,1.0,0.575,0.6666666666666666,0.0,1.0,0.0,0.0,0.0,0.0,0.0,0.45573349123512935,0.2313359446521538,0.6987461877329719,0.9789029535864979,0.0390625,0.0,1.0,0.896551724137931,0.875,0.46,0.6756756756756757,0.4666666666666667
Perisher,9,0.6900799906580254,0.45454545454545453,0.875,1.0,1.0,1.0,1.0,0.6666666666666666,0.4368932038834951,0.21739130434782608,0.8888888888888888,0.2413793103448276,0.0,0.0,0.0,1.0,1.0,1.0,1.0,0.575,0.6666666666666666,0.0,1.0,0.0,0.0,0.0,0.0,0.0,0.4243982036593217,0.13392782738156747,0.9715350728566589,0.9789029535864979,0.0390625,0.0,1.0,0.6206896551724138,0.625,0.84,0.918918918918919,0.4
Perisher,10,0.7347852318950585,0.45454545454545453,0.875,1.0,1.0,1.0,1.0,0.6666666666666666,0.4368932038834951,0.21739130434782608,0.8888888888888888,0.2413793103448276,0.0,0.0,0.0,1.0,1.0,1.0,1.0,0.575,0.6666666666666666,0.0,1.0,0.0,0.0,0.0,0.0,0.0,0.4931336731804483,0.29794149519634394,0.6940020332090817,0.9789029535864979,0.0390625,0.0,1.0,0.6206896551724138,0.625,0.84,0.918918918918919,0.4
Perisher,11,0.8023783110488313,0.45454545454545453,0.875,1.0,1.0,1.0,1.0,0.6666666666666666,0.4368932038834951,0.21739130434782608,0.8888888888888888,0.2413793103448276,0.0,0.0,0.0,1.0,1.0,1.0,1.0,0.575,0.6666666666666666,0.0,1.0,0.0,0.0,0.0,0.0,0.0,0.5039349612480539,0.3131027585668773,0.8130125381226703,0.9789029535864979,0.0390625,0.0,1.0,0.6206896551724138,0.625,0.84,0.918918918918919,0.4
Perisher,12,0.8344329616005917,0.45454545454545453,0.875,1.0,1.0,1.0,1.0,0.6666666666666666,0.4368932038834951,0.21739130434782608,0.8888888888888888,0.2413793103448276,0.0,0.0,0.0,1.0,1.0,1.0,1.0,0.575,0.6666666666666666,0.0,1.0,0.0,0.0,0.0,0.0,0.0,0.5863742039993379,0.20793399448176444,0.4946797695696375,0.9789029535864979,0.0390625,0.0,1.0,0.6206896551724138,0.625,0.84,0.918918918918919,0.4
Perisher,13,0.8088398435219244,0.45454545454545453,0.875,1.0,1.0,1.0,1.0,0.6666666666666666,0.4368932038834951,0.21739130434782608,0.8888888888888888,0.2413793103448276,0.0,0.0,0.0,1.0,1.0,1.0,1.0,0.575,0.6666666666666666,0.0,1.0,0.0,0.0,0.0,0.0,0.0,0.7547472238767197,0.4233319443757735,0.6575737038292104,0.9789029535864979,0.0390625,0.0,1.0,0.4482758620689655,0.375,0.88,1.0,0.5333333333333333
Perisher,14,0.7564469356376871,0.45454545454545453,0.875,1.0,1.0,1.0,1.0,0.6666666666666666,0.4368932038834951,0.21739130434782608,0.8888888888888888,0.2413793103448276,0.0,0.0,0.0,1.0,1.0,1.0,1.0,0.575,0.6666666666666666,0.0,1.0,0.0,0.0,0.0,0.0,0.0,0.8462404875082024,0.576024668702653,0.317993900372755,0.9789029535864979,0.0390625,0.0,1.0,0.4482758620689655,0.375,0.88,1.0,0.5333333333333333
Perisher,15,0.7386582588894728,0.45454545454545453,0.875,1.0,1.0,1.0,1.0,0.6666666666666666,0.4368932038834951,0.21739130434782608,0.8888888888888888,0.2413793103448276,0.0,0.0,0.0,1.0,1.0,1.0,1.0,0.575,0.6666666666666666,0.0,1.0,0.0,0.0,0.0,0.0,0.0,0.7857215058352944,0.5923060255263015,0.8506607929515418,0.9789029535864979,0.0390625,0.0,1.0,0.06896551724137931,0.125,0.76,1.0,0.13333333333333333
Selwyn,1,0.13419357349993188,0.27272727272727293,0.6428571428571429,0.0,0.06676342525399129,0.022988505747126436,0.1282051282051282,0.0,0.009708737864077669,1.0,0.5277777777777778,0.06896551724137931,0.0,0.0,0.0,1.0,1.0,0.0,0.0,0.0,0.0,0.0,0.0,0.0,0.0,0.0,1.0,0.0,0.6983292660155763,0.9089924160351548,0.6679091833276855,0.8523206751054853,0.0,0.01366120218579235,0.9831081081081081,0.13793103448275862,0.25,0.0,0.05405405405405406,0.4666666666666667
Selwyn,2,0.06115100912788774,0.27272727272727293,0.6428571428571429,0.0,0.06676342525399129,0.022988505747126436,0.1282051282051282,0.0,0.009708737864077669,1.0,0.5277777777777778,0.06896551724137931,0.0,0.0,0.0,1.0,1.0,0.0,0.0,0.0,0.0,0.0,0.0,0.0,0.0,0.0,1.0,0.0,0.6485104908374488,0.7947828985759758,0.3378515757370384,0.8523206751054853,0.0,0.01366120218579235,0.9831081081081081,0.13793103448275862,0.25,0.0,0.05405405405405406,0.4666666666666667
Selwyn,3,0.15381172028570872,0.27272727272727293,0.6428571428571429,0.0,0.06676342525399129,0.022988505747126436,0.1282051282051282,0.0,0.009708737864077669,1.0,0.5277777777777778,0.06896551724137931,0.0,0.0,0.0,1.0,1.0,0.0,0.0,0.0,0.0,0.0,0.0,0.0,0.0,0.0,1.0,0.0,0.5337107045574159,0.7305775481844523,0.40765842087427995,0.8523206751054853,0.0,0.01366120218579235,0.9831081081081081,0.13793103448275862,0.25,0.0,0.05405405405405406,0.4666666666666667
Selwyn,4,0.27654191238006265,0.27272727272727293,0.6428571428571429,0.0,0.06676342525399129,0.022988505747126436,0.1282051282051282,0.0,0.009708737864077669,1.0,0.5277777777777778,0.06896551724137931,0.0,0.0,0.0,1.0,1.0,0.0,0.0,0.0,0.0,0.0,0.0,0.0,0.0,0.0,1.0,0.0,0.5354435315201334,0.6315692974754211,0.28905455777702477,0.8523206751054853,0.0,0.01366120218579235,0.9831081081081081,0.13793103448275862,0.25,0.0,0.05405405405405406,0.4666666666666667
Selwyn,5,0.3235242599404449,0.27272727272727293,0.6428571428571429,0.0,0.06676342525399129,0.022988505747126436,0.1282051282051282,0.0,0.009708737864077669,1.0,0.5277777777777778,0.06896551724137931,0.0,0.0,0.0,1.0,1.0,0.0,0.0,0.0,0.0,0.0,0.0,0.0,0.0,0.0,1.0,0.0,0.4629536035797856,0.6595716310310681,0.49271433412402577,0.8523206751054853,0.0,0.01366120218579235,0.9831081081081081,0.41379310344827586,0.5,0.12,0.14864864864864866,0.4666666666666667
Selwyn,6,0.2643389579805765,0.27272727272727293,0.6428571428571429,0.0,0.06676342525399129,0.022988505747126436,0.1282051282051282,0.0,0.009708737864077669,1.0,0.5277777777777778,0.06896551724137931,0.0,0.0,0.0,1.0,1.0,0.0,0.0,0.0,0.0,0.0,0.0,0.0,0.0,0.0,1.0,0.0,0.4291634778067947,0.5385615468140288,0.2795662487292443,0.8523206751054853,0.0,0.01366120218579235,0.9831081081081081,0.41379310344827586,0.5,0.12,0.14864864864864866,0.4666666666666667
Selwyn,7,0.14423619625931763,0.27272727272727293,0.6428571428571429,0.0,0.06676342525399129,0.022988505747126436,0.1282051282051282,0.0,0.009708737864077669,1.0,0.5277777777777778,0.06896551724137931,0.0,0.0,0.0,1.0,1.0,0.0,0.0,0.0,0.0,0.0,0.0,0.0,0.0,0.0,1.0,0.0,0.5448296775681865,0.7027752312508561,0.39207048458149785,0.8523206751054853,0.0,0.01366120218579235,0.9831081081081081,0.41379310344827586,0.5,0.12,0.14864864864864866,0.4666666666666667
Selwyn,8,0.04196103618068936,0.27272727272727293,0.6428571428571429,0.0,0.06676342525399129,0.022988505747126436,0.1282051282051282,0.0,0.009708737864077669,1.0,0.5277777777777778,0.06896551724137931,0.0,0.0,0.0,1.0,1.0,0.0,0.0,0.0,0.0,0.0,0.0,0.0,0.0,0.0,1.0,0.0,0.5778977921067117,0.694174514500506,0.31345306675703155,0.8523206751054853,0.0,0.01366120218579235,0.9831081081081081,0.41379310344827586,0.5,0.12,0.14864864864864866,0.4666666666666667
Selwyn,9,0.01360425059847025,0.27272727272727293,0.6428571428571429,0.0,0.06676342525399129,0.022988505747126436,0.1282051282051282,0.0,0.009708737864077669,1.0,0.5277777777777778,0.06896551724137931,0.0,0.0,0.0,1.0,1.0,0.0,0.0,0.0,0.0,0.0,0.0,0.0,0.0,0.0,1.0,0.0,0.5184040663867447,0.6261688474479478,0.38258217553371743,0.8523206751054853,0.0,0.01366120218579235,0.9831081081081081,0.4482758620689655,0.375,0.32,0.43243243243243246,0.5333333333333333
Selwyn,10,0.05832895428271151,0.27272727272727293,0.6428571428571429,0.0,0.06676342525399129,0.022988505747126436,0.1282051282051282,0.0,0.009708737864077669,1.0,0.5277777777777778,0.06896551724137931,0.0,0.0,0.0,1.0,1.0,0.0,0.0,0.0,0.0,0.0,0.0,0.0,0.0,0.0,1.0,0.0,0.6330594504343248,0.7533794483346765,0.3002372077261945,0.8523206751054853,0.0,0.01366120218579235,0.9831081081081081,0.4482758620689655,0.375,0.32,0.43243243243243246,0.5333333333333333
Selwyn,11,0.1259220334364843,0.27272727272727293,0.6428571428571429,0.0,0.06676342525399129,0.022988505747126436,0.1282051282051282,0.0,0.009708737864077669,1.0,0.5277777777777778,0.06896551724137931,0.0,0.0,0.0,1.0,1.0,0.0,0.0,0.0,0.0,0.0,0.0,0.0,0.0,0.0,1.0,0.0,0.6878745433405141,0.742358529856862,0.4089461199593359,0.8523206751054853,0.0,0.01366120218579235,0.9831081081081081,0.4482758620689655,0.375,0.32,0.43243243243243246,0.5333333333333333
Selwyn,12,0.1579766839882447,0.27272727272727293,0.6428571428571429,0.0,0.06676342525399129,0.022988505747126436,0.1282051282051282,0.0,0.009708737864077669,1.0,0.5277777777777778,0.06896551724137931,0.0,0.0,0.0,1.0,1.0,0.0,0.0,0.0,0.0,0.0,0.0,0.0,0.0,0.0,1.0,0.0,0.8016851742293293,0.7687973998138842,0.12267028126058967,0.8523206751054853,0.0,0.01366120218579235,0.9831081081081081,0.4482758620689655,0.375,0.32,0.43243243243243246,0.5333333333333333
Selwyn,13,0.13236410346236935,0.27272727272727293,0.6428571428571429,0.0,0.06676342525399129,0.022988505747126436,0.1282051282051282,0.0,0.009708737864077669,1.0,0.5277777777777778,0.06896551724137931,0.0,0.0,0.0,1.0,1.0,0.0,0.0,0.0,0.0,0.0,0.0,0.0,0.0,0.0,1.0,0.0,0.9866572323870753,0.9236536378035574,0.395526940020332,0.8523206751054853,0.0,0.01366120218579235,0.9831081081081081,0.1724137931034483,0.25,0.22,0.22972972972972974,0.5333333333333333
Selwyn,14,0.079971195578132,0.27272727272727293,0.6428571428571429,0.0,0.06676342525399129,0.022988505747126436,0.1282051282051282,0.0,0.009708737864077669,1.0,0.5277777777777778,0.06896551724137931,0.0,0.0,0.0,1.0,1.0,0.0,0.0,0.0,0.0,0.0,0.0,0.0,0.0,0.0,1.0,0.0,0.9934874586174673,1.0,0.2859369705184683,0.8523206751054853,0.0,0.01366120218579235,0.9831081081081081,0.1724137931034483,0.25,0.22,0.22972972972972974,0.5333333333333333
Selwyn,15,0.062182518829917675,0.27272727272727293,0.6428571428571429,0.0,0.06676342525399129,0.022988505747126436,0.1282051282051282,0.0,0.009708737864077669,1.0,0.5277777777777778,0.06896551724137931,0.0,0.0,0.0,1.0,1.0,0.0,0.0,0.0,0.0,0.0,0.0,0.0,0.0,0.0,1.0,0.0,1.0,0.9944995416284983,0.3172483903761437,0.8523206751054853,0.0,0.01366120218579235,0.9831081081081081,0.0,0.0,0.16,0.22972972972972974,0.0
Thredbo,1,0.6195870068702438,0.45454545454545453,0.875,0.15008431703204048,0.0,0.45977011494252873,0.28205128205128205,1.0,1.0,0.5652173913043478,0.16666666666666666,0.8620689655172413,0.0,0.0,0.0,1.0,1.0,1.0,1.0,0.75,0.6666666666666666,0.0,1.0,0.0,0.0,0.0,0.0,0.0,0.3728706685788791,0.38641553462849143,0.5211792612673669,0.9578059071729957,0.0390625,0.0,1.0,0.41379310344827586,0.5,0.12,0.3783783783783784,0.6666666666666666
Thredbo,2,0.5465444424981998,0.45454545454545453,0.875,0.15008431703204048,0.0,0.45977011494252873,0.28205128205128205,1.0,1.0,0.5652173913043478,0.16666666666666666,0.8620689655172413,0.0,0.0,0.0,1.0,1.0,1.0,1.0,0.75,0.6666666666666666,0.0,1.0,0.0,0.0,0.0,0.0,0.0,0.20837244230720936,0.20813401110381521,0.23652998983395457,0.9578059071729957,0.0390625,0.0,1.0,0.41379310344827586,0.5,0.12,0.3783783783783784,0.6666666666666666
Thredbo,3,0.6392051536560207,0.45454545454545453,0.875,0.15008431703204048,0.0,0.45977011494252873,0.28205128205128205,1.0,1.0,0.5652173913043478,0.16666666666666666,0.8620689655172413,0.0,0.0,0.0,1.0,1.0,1.0,1.0,0.75,0.6666666666666666,0.0,1.0,0.0,0.0,0.0,0.0,0.0,0.16952823788862717,0.11652637725881676,0.08234496780752287,0.9578059071729957,0.0390625,0.0,1.0,0.41379310344827586,0.5,0.12,0.3783783783783784,0.6666666666666666
Thredbo,4,0.7619353457503747,0.45454545454545453,0.875,0.15008431703204048,0.0,0.45977011494252873,0.28205128205128205,1.0,1.0,0.5652173913043478,0.16666666666666666,0.8620689655172413,0.0,0.0,0.0,1.0,1.0,1.0,1.0,0.75,0.6666666666666666,0.0,1.0,0.0,0.0,0.0,0.0,0.0,0.17154986934946295,0.06232186020801828,0.04642494069806844,0.9578059071729957,0.0390625,0.0,1.0,0.41379310344827586,0.5,0.12,0.3783783783783784,0.6666666666666666
Thredbo,5,0.8089176933107569,0.45454545454545453,0.875,0.15008431703204048,0.0,0.45977011494252873,0.28205128205128205,1.0,1.0,0.5652173913043478,0.16666666666666666,0.8620689655172413,0.0,0.0,0.0,1.0,1.0,1.0,1.0,0.75,0.6666666666666666,0.0,1.0,0.0,0.0,0.0,0.0,0.0,0.051262797642726655,0.08632386039857277,0.13114198576753644,0.9578059071729957,0.0390625,0.0,1.0,0.9310344827586207,0.75,0.32,0.6216216216216216,0.9333333333333333
Thredbo,6,0.7497323913508884,0.45454545454545453,0.875,0.15008431703204048,0.0,0.45977011494252873,0.28205128205128205,1.0,1.0,0.5652173913043478,0.16666666666666666,0.8620689655172413,0.0,0.0,0.0,1.0,1.0,1.0,1.0,0.75,0.6666666666666666,0.0,1.0,0.0,0.0,0.0,0.0,0.0,0.042165456179433305,0.0,0.0670958996950186,0.9578059071729957,0.0390625,0.0,1.0,0.9310344827586207,0.75,0.32,0.6216216216216216,0.9333333333333333
Thredbo,7,0.6296296296296297,0.45454545454545453,0.875,0.15008431703204048,0.0,0.45977011494252873,0.28205128205128205,1.0,1.0,0.5652173913043478,0.16666666666666666,0.8620689655172413,0.0,0.0,0.0,1.0,1.0,1.0,1.0,0.75,0.6666666666666666,0.0,1.0,0.0,0.0,0.0,0.0,0.0,0.1646642888767759,0.12985815482020904,0.16265672653337845,0.9578059071729957,0.0390625,0.0,1.0,0.9310344827586207,0.75,0.32,0.6216216216216216,0.9333333333333333
Thredbo,8,0.5273544695510013,0.45454545454545453,0.875,0.15008431703204048,0.0,0.45977011494252873,0.28205128205128205,1.0,1.0,0.5652173913043478,0.16666666666666666,0.8620689655172413,0.0,0.0,0.0,1.0,1.0,1.0,1.0,0.75,0.6666666666666666,0.0,1.0,0.0,0.0,0.0,0.0,0.0,0.13674892784822026,0.11999333275975656,0.11013215859030835,0.9578059071729957,0.0390625,0.0,1.0,0.9310344827586207,0.75,0.32,0.6216216216216216,0.9333333333333333
Thredbo,9,0.49899768396878225,0.45454545454545453,0.875,0.15008431703204048,0.0,0.45977011494252873,0.28205128205128205,1.0,1.0,0.5652173913043478,0.16666666666666666,0.8620689655172413,0.0,0.0,0.0,1.0,1.0,1.0,1.0,0.75,0.6666666666666666,0.0,1.0,0.0,0.0,0.0,0.0,0.0,0.14943225853366623,0.03701975158910164,0.24466282616062351,0.9578059071729957,0.0390625,0.0,1.0,1.0,0.75,0.66,0.918918918918919,0.8
Thredbo,10,0.5437029252058154,0.45454545454545453,0.875,0.15008431703204048,0.0,0.45977011494252873,0.28205128205128205,1.0,1.0,0.5652173913043478,0.16666666666666666,0.8620689655172413,0.0,0.0,0.0,1.0,1.0,1.0,1.0,0.75,0.6666666666666666,0.0,1.0,0.0,0.0,0.0,0.0,0.0,0.1889709689924976,0.1943328611020553,0.15655709928837688,0.9578059071729957,0.0390625,0.0,1.0,1.0,0.75,0.66,0.918918918918919,0.8
Thredbo,11,0.6112960043595882,0.45454545454545453,0.875,0.15008431703204048,0.0,0.45977011494252873,0.28205128205128205,1.0,1.0,0.5652173913043478,0.16666666666666666,0.8620689655172413,0.0,0.0,0.0,1.0,1.0,1.0,1.0,0.75,0.6666666666666666,0.0,1.0,0.0,0.0,0.0,0.0,0.0,0.1623283418628681,0.1740511709133144,0.20243985089800073,0.9578059071729957,0.0390625,0.0,1.0,1.0,0.75,0.66,0.918918918918919,0.8
Thredbo,12,0.6433701173585566,0.45454545454545453,0.875,0.15008431703204048,0.0,0.45977011494252873,0.28205128205128205,1.0,1.0,0.5652173913043478,0.16666666666666666,0.8620689655172413,0.0,0.0,0.0,1.0,1.0,1.0,1.0,0.75,0.6666666666666666,0.0,1.0,0.0,0.0,0.0,0.0,0.0,0.25828507894581737,0.1385475456920687,0.3150118603863098,0.9578059071729957,0.0390625,0.0,1.0,1.0,0.75,0.66,0.918918918918919,0.8
Thredbo,13,0.6177575368326813,0.45454545454545453,0.875,0.15008431703204048,0.0,0.45977011494252873,0.28205128205128205,1.0,1.0,0.5652173913043478,0.16666666666666666,0.8620689655172413,0.0,0.0,0.0,1.0,1.0,1.0,1.0,0.75,0.6666666666666666,0.0,1.0,0.0,0.0,0.0,0.0,0.0,0.3982411806571013,0.2287990666516673,0.23859708573364963,0.9578059071729957,0.0390625,0.0,1.0,0.3793103448275862,0.375,0.76,1.0,0.9333333333333333
Thredbo,14,0.565364628948444,0.45454545454545453,0.875,0.15008431703204048,0.0,0.45977011494252873,0.28205128205128205,1.0,1.0,0.5652173913043478,0.16666666666666666,0.8620689655172413,0.0,0.0,0.0,1.0,1.0,1.0,1.0,0.75,0.6666666666666666,0.0,1.0,0.0,0.0,0.0,0.0,0.0,0.5067827798457104,0.44421797060784807,0.21362250084717047,0.9578059071729957,0.0390625,0.0,1.0,0.3793103448275862,0.375,0.76,1.0,0.9333333333333333
Thredbo,15,0.5475759522002297,0.45454545454545453,0.875,0.15008431703204048,0.0,0.45977011494252873,0.28205128205128205,1.0,1.0,0.5652173913043478,0.16666666666666666,0.8620689655172413,0.0,0.0,0.0,1.0,1.0,1.0,1.0,0.75,0.6666666666666666,0.0,1.0,0.0,0.0,0.0,0.0,0.0,0.398957106368305,0.3174402628355432,0.2557438156557099,0.9578059071729957,0.0390625,0.0,1.0,0.0,0.0,0.5,0.43243243243243246,0.0
